Date,Symbol,Recommendation
2025-12-04,PSKY,投机买入
2025-12-04,RGTI,短期激进看多 (谨慎追高)
2025-12-04,BDX,买入 (中短期持有)
2025-12-04,FDS,值得关注/买入
2025-12-04,HUT,仅适合日内/极短线交易
2025-12-04,LW,稳健买入
2025-12-04,VNOM,观察
2025-12-04,MARA,长期看涨 (LEAP)
2025-12-05,CC,值得短期买入 (Buy)
2025-12-05,SATS,强烈推荐 (Strong Buy)
2025-12-05,S,谨慎买入 / 关注
2025-12-05,ARES,中性偏多
2025-12-05,ELV,仅适合长线 (短线不推荐)
2025-12-09,BHVN,观察 / 投机性买入
2025-12-09,CELC,买入 (值得跟进)
2025-12-09,HAE,买入
2025-12-09,JPM,谨慎买入 / 短线博弈
2025-12-09,PHR,强烈建议买入 (高胜率反向博弈)
2025-12-09,SGML,买入
2025-12-10,WBD,强力买入 (Speculative Buy)
2025-12-10,CRON,强力买入 (Long-term LEAPS)
2025-12-10,CIEN,投机性买入 (Earnings Gamble)
2025-12-10,SATS,短期买入 (Momentum Buy)
2025-12-10,WAY,短期买入 (Rebound Play)
2025-12-10,AA,短期买入 (Breakout Play)
2025-12-10,SHOP,买入 (Momentum Buy)
2025-12-10,AIG,投机性买入 (Momentum Gamble)
2025-12-11,PTON,投机性买入 (Long-term Turnaround Bet)
2025-12-11,GM,买入 (Long-term Breakout)
2025-12-11,ORCL,强力买入 (Dip Buying / Oversold Bounce)
2025-12-11,MU,买入 (Supercycle Bet)
2025-12-15,DJT,投机性买入 (Event-Driven / Volatility Play)
2025-12-16,TGT,短期看涨 (Bullish) - 适度投机
2025-12-16,ASTS,极度投机看涨 (Speculative Bullish)
2025-12-16,ORCL,谨慎看涨 (Cautiously Bullish)
2025-12-16,FDX,短期中性 (Neutral) - 财报前埋伏或对冲
2025-12-17,AVB,稳健看涨 (Bullish)
2025-12-17,CRWV,投机性看涨 (Speculative Buy)
2025-12-17,DJT,中性偏多 (Neutral-Bullish)
2025-12-17,FCX,强力看涨 (Strong Bullish)
2025-12-17,MSTR,谨慎看涨 (Cautiously Bullish)
2025-12-18,AVB,投机性买入 / 关注
2025-12-18,FCX,强烈买入 (Strong Buy)
2025-12-18,MSTR,高风险买入 (High Risk / Speculative Buy)
2025-12-18,LEN,短期投机性买入 (Speculative Buy)
2025-12-18,ASTS,观望 / 谨慎 (不建议直接做多)
2025-12-18,ALLY,跟随买入 (Follow Buy)
2025-12-19,TLN,跟随中期买入 (Medium-term Long)
2025-12-19,MSTR,跟随中长线多头 (Long-term Bull)
2025-12-19,CG,突破买入 (Breakout Buy)
2025-12-19,IMVT,跟随长线买入 (LEAPS Long)
2025-12-19,CRWV,坚决回避 (Extreme Bearish Flow)
2025-12-19,GH,谨慎看涨 (Speculative Bullish)
2025-12-19,LNG,谨慎看涨 (Cautiously Bullish)
2025-12-19,WIX,谨慎看涨 (LEAPS 长线布局)

